name,rating,has_website,contact,score,message
Peak Fitness Studio,4.6,False,+971-4-555-0109,5,"Hi Peak Fitness Studio,

I came across your restaurant on Google Maps and was genuinely impressed by your 4.6-star rating. I noticed your business doesn't have an online presence yet — that's a significant opportunity.

I help businesses like yours set up modern online systems — from booking platforms to order management — that convert more customers and free up your team's time.

Would you be open to a quick 15-minute call this week? I'd love to share a few ideas specific to your situation at no cost.

Best regards"
Golden Spice Kitchen,4.5,False,+971-4-555-0103,5,"Hi Golden Spice Kitchen,

I came across your restaurant on Google Maps and was genuinely impressed by your 4.5-star rating. I noticed your business doesn't have an online presence yet — that's a significant opportunity.

I help businesses like yours set up modern online systems — from booking platforms to order management — that convert more customers and free up your team's time.

Would you be open to a quick 15-minute call this week? I'd love to share a few ideas specific to your situation at no cost.

Best regards"
The Urban Barber,4.4,False,+971-4-555-0106,5,"Hi The Urban Barber,

I came across your restaurant on Google Maps and was genuinely impressed by your 4.4-star rating. I noticed your business doesn't have an online presence yet — that's a significant opportunity.

I help businesses like yours set up modern online systems — from booking platforms to order management — that convert more customers and free up your team's time.

Would you be open to a quick 15-minute call this week? I'd love to share a few ideas specific to your situation at no cost.

Best regards"
Fresh Juice Bar,4.6,False,+971-4-555-0114,5,"Hi Fresh Juice Bar,

I came across your restaurant on Google Maps and was genuinely impressed by your 4.6-star rating. I noticed your business doesn't have an online presence yet — that's a significant opportunity.

I help businesses like yours set up modern online systems — from booking platforms to order management — that convert more customers and free up your team's time.

Would you be open to a quick 15-minute call this week? I'd love to share a few ideas specific to your situation at no cost.

Best regards"
Elite Spa & Wellness,4.3,False,+971-4-555-0115,5,"Hi Elite Spa & Wellness,

I came across your restaurant on Google Maps and was genuinely impressed by your 4.3-star rating. I noticed your business doesn't have an online presence yet — that's a significant opportunity.

I help businesses like yours set up modern online systems — from booking platforms to order management — that convert more customers and free up your team's time.

Would you be open to a quick 15-minute call this week? I'd love to share a few ideas specific to your situation at no cost.

Best regards"
Al Baik Restaurant,4.7,False,+971-4-555-0101,5,"Hi Al Baik Restaurant,

I came across your restaurant on Google Maps and was genuinely impressed by your 4.7-star rating. I noticed your business doesn't have an online presence yet — that's a significant opportunity.

I help businesses like yours set up modern online systems — from booking platforms to order management — that convert more customers and free up your team's time.

Would you be open to a quick 15-minute call this week? I'd love to share a few ideas specific to your situation at no cost.

Best regards"
Sunrise Cafe,4.8,True,+971-4-555-0105,3,"Hi Sunrise Cafe,

I came across your restaurant on Google Maps and was genuinely impressed by your 4.8-star rating. I noticed you're already online, but there's often room to streamline your booking or ordering system.

I help businesses like yours set up modern online systems — from booking platforms to order management — that convert more customers and free up your team's time.

Would you be open to a quick 15-minute call this week? I'd love to share a few ideas specific to your situation at no cost.

Best regards"
